{"stats":{"minecraft:used":{"minecraft:redstone_torch":256,"minecraft:glass":15,"minecraft:sticky_piston":79,"minecraft:lever":49,"minecraft:netherite_sword":55,"minecraft:redstone_lamp":18,"minecraft:repeater":523,"minecraft:target":71,"minecraft:villager_spawn_egg":32,"minecraft:iron_block":6991,"minecraft:redstone":6067,"minecraft:green_wool":3,"minecraft:oak_sign":8,"minecraft:smooth_stone_slab":1899,"minecraft:oak_pressure_plate":12,"minecraft:stone":1951,"minecraft:redstone_block":3},"minecraft:custom":{"minecraft:time_since_rest":1097514,"minecraft:crouch_one_cm":29192,"minecraft:sprint_one_cm":214024,"minecraft:play_time":1097514,"minecraft:walk_one_cm":532121,"minecraft:sneak_time":64571,"minecraft:mob_kills":24,"minecraft:drop":66,"minecraft:jump":2876,"minecraft:damage_dealt":4760,"minecraft:leave_game":15,"minecraft:time_since_death":1097514,"minecraft:total_world_time":1336527,"minecraft:fly_one_cm":10497154},"minecraft:dropped":{"minecraft:redstone_torch":1,"minecraft:iron_block":1,"minecraft:sticky_piston":2,"minecraft:redstone":188},"minecraft:picked_up":{"minecraft:sticky_piston":2,"minecraft:repeater":45,"minecraft:oak_sign":7,"minecraft:lever":20,"minecraft:iron_block":1,"minecraft:redstone_torch":72,"minecraft:redstone":724},"minecraft:killed":{"minecraft:villager":23}},"DataVersion":3120}